"<selenium.webdriver.firefox.webelement.FirefoxWebElement (session=""e9e4995e-4fc1-0e49-a4da-70aefb84fa9e"", element=""093cf9bf-0597-a043-bef8-b9ee36acdba4"")>","<selenium.webdriver.firefox.webelement.FirefoxWebElement (session=""e9e4995e-4fc1-0e49-a4da-70aefb84fa9e"", element=""fdedcb76-7419-f841-a72c-b39efca805b6"")>","<selenium.webdriver.firefox.webelement.FirefoxWebElement (session=""e9e4995e-4fc1-0e49-a4da-70aefb84fa9e"", element=""501d6e8f-a3cb-e54a-90b3-dfde39f6d9e9"")>"
"<selenium.webdriver.firefox.webelement.FirefoxWebElement (session=""e9e4995e-4fc1-0e49-a4da-70aefb84fa9e"", element=""058706bd-07b1-2c49-b637-9d6dd1c22dab"")>","<selenium.webdriver.firefox.webelement.FirefoxWebElement (session=""e9e4995e-4fc1-0e49-a4da-70aefb84fa9e"", element=""ba1b3dbc-5f2c-4042-9608-e1434f79dc12"")>","<selenium.webdriver.firefox.webelement.FirefoxWebElement (session=""e9e4995e-4fc1-0e49-a4da-70aefb84fa9e"", element=""dde95d58-68e1-514e-a358-107498967322"")>"
"<selenium.webdriver.firefox.webelement.FirefoxWebElement (session=""e9e4995e-4fc1-0e49-a4da-70aefb84fa9e"", element=""de49432a-20ab-ff4d-9f5c-8ff58c634c1a"")>","<selenium.webdriver.firefox.webelement.FirefoxWebElement (session=""e9e4995e-4fc1-0e49-a4da-70aefb84fa9e"", element=""68d237f0-b000-f949-895a-95c42fcacec2"")>","<selenium.webdriver.firefox.webelement.FirefoxWebElement (session=""e9e4995e-4fc1-0e49-a4da-70aefb84fa9e"", element=""b4deb3e1-35e2-764c-91dc-4f5ea2e2e865"")>"
"<selenium.webdriver.firefox.webelement.FirefoxWebElement (session=""e9e4995e-4fc1-0e49-a4da-70aefb84fa9e"", element=""da6d75d8-5f7e-1f4c-9227-c67d0910067b"")>","<selenium.webdriver.firefox.webelement.FirefoxWebElement (session=""e9e4995e-4fc1-0e49-a4da-70aefb84fa9e"", element=""75d193ee-6f44-a443-a81d-3a902fda0897"")>","<selenium.webdriver.firefox.webelement.FirefoxWebElement (session=""e9e4995e-4fc1-0e49-a4da-70aefb84fa9e"", element=""7473616b-6cd3-c747-ab00-dfa8136026e5"")>"
"<selenium.webdriver.firefox.webelement.FirefoxWebElement (session=""e9e4995e-4fc1-0e49-a4da-70aefb84fa9e"", element=""dddbc10a-1198-6f46-bd27-31bb41ee1806"")>","<selenium.webdriver.firefox.webelement.FirefoxWebElement (session=""e9e4995e-4fc1-0e49-a4da-70aefb84fa9e"", element=""c0723bb6-b8ff-e84e-9780-7c7b41b99dc2"")>","<selenium.webdriver.firefox.webelement.FirefoxWebElement (session=""e9e4995e-4fc1-0e49-a4da-70aefb84fa9e"", element=""029c8c69-2a00-6744-8ed6-a793729f7f3b"")>"
"<selenium.webdriver.firefox.webelement.FirefoxWebElement (session=""e9e4995e-4fc1-0e49-a4da-70aefb84fa9e"", element=""579e3de8-7daf-e74f-8a43-77fff01e775f"")>","<selenium.webdriver.firefox.webelement.FirefoxWebElement (session=""e9e4995e-4fc1-0e49-a4da-70aefb84fa9e"", element=""b3af9c5d-23c1-764e-b6ec-e001a7f58269"")>","<selenium.webdriver.firefox.webelement.FirefoxWebElement (session=""e9e4995e-4fc1-0e49-a4da-70aefb84fa9e"", element=""950af9b9-3848-e747-bf2b-bc0e6e45f0b2"")>"
"<selenium.webdriver.firefox.webelement.FirefoxWebElement (session=""e9e4995e-4fc1-0e49-a4da-70aefb84fa9e"", element=""1b43e178-239e-2545-8c6d-4f486372e0a4"")>","<selenium.webdriver.firefox.webelement.FirefoxWebElement (session=""e9e4995e-4fc1-0e49-a4da-70aefb84fa9e"", element=""237134d4-8e35-844a-baf8-3ec54c180b57"")>","<selenium.webdriver.firefox.webelement.FirefoxWebElement (session=""e9e4995e-4fc1-0e49-a4da-70aefb84fa9e"", element=""69d45fe9-b82a-234b-85bb-301c07e15c72"")>"
"<selenium.webdriver.firefox.webelement.FirefoxWebElement (session=""e9e4995e-4fc1-0e49-a4da-70aefb84fa9e"", element=""10c39778-4109-9c4e-b9fe-7efcd24c3ba8"")>","<selenium.webdriver.firefox.webelement.FirefoxWebElement (session=""e9e4995e-4fc1-0e49-a4da-70aefb84fa9e"", element=""89bfeb9b-de53-324e-9e73-a3a239657427"")>","<selenium.webdriver.firefox.webelement.FirefoxWebElement (session=""e9e4995e-4fc1-0e49-a4da-70aefb84fa9e"", element=""488e4720-d59e-4143-98fa-101bb51b036b"")>"
"<selenium.webdriver.firefox.webelement.FirefoxWebElement (session=""e9e4995e-4fc1-0e49-a4da-70aefb84fa9e"", element=""c1902750-a330-0d4d-97ba-56a657da50b2"")>","<selenium.webdriver.firefox.webelement.FirefoxWebElement (session=""e9e4995e-4fc1-0e49-a4da-70aefb84fa9e"", element=""7277474f-492e-e345-8768-f16d6217ae87"")>","<selenium.webdriver.firefox.webelement.FirefoxWebElement (session=""e9e4995e-4fc1-0e49-a4da-70aefb84fa9e"", element=""9107a932-569b-1044-9c0c-553a90c0d5d6"")>"
"<selenium.webdriver.firefox.webelement.FirefoxWebElement (session=""e9e4995e-4fc1-0e49-a4da-70aefb84fa9e"", element=""6dcc903d-b0a3-ac40-93bd-e44c753ce7f4"")>","<selenium.webdriver.firefox.webelement.FirefoxWebElement (session=""e9e4995e-4fc1-0e49-a4da-70aefb84fa9e"", element=""dcce26ea-479b-0541-8949-6b05c1dd90f1"")>","<selenium.webdriver.firefox.webelement.FirefoxWebElement (session=""e9e4995e-4fc1-0e49-a4da-70aefb84fa9e"", element=""937837a2-401a-8a41-b481-09940efdadbf"")>"
"<selenium.webdriver.firefox.webelement.FirefoxWebElement (session=""e9e4995e-4fc1-0e49-a4da-70aefb84fa9e"", element=""72004176-d8a2-254f-831c-971efe583af1"")>","<selenium.webdriver.firefox.webelement.FirefoxWebElement (session=""e9e4995e-4fc1-0e49-a4da-70aefb84fa9e"", element=""f6edc2e1-15ee-ab4c-af45-685830dd050d"")>","<selenium.webdriver.firefox.webelement.FirefoxWebElement (session=""e9e4995e-4fc1-0e49-a4da-70aefb84fa9e"", element=""cb9dbdc2-6d57-3745-a448-d5f239adf13c"")>"
"<selenium.webdriver.firefox.webelement.FirefoxWebElement (session=""e9e4995e-4fc1-0e49-a4da-70aefb84fa9e"", element=""1c68261f-493d-6948-a9a3-1c133a91c422"")>","<selenium.webdriver.firefox.webelement.FirefoxWebElement (session=""e9e4995e-4fc1-0e49-a4da-70aefb84fa9e"", element=""4e454466-4cc0-0c47-80f8-a8e8dc8ceaca"")>","<selenium.webdriver.firefox.webelement.FirefoxWebElement (session=""e9e4995e-4fc1-0e49-a4da-70aefb84fa9e"", element=""681926ef-9242-a44d-83dc-f244c55b5927"")>"
"<selenium.webdriver.firefox.webelement.FirefoxWebElement (session=""e9e4995e-4fc1-0e49-a4da-70aefb84fa9e"", element=""d68753f2-ca68-c642-8656-7861076666b3"")>","<selenium.webdriver.firefox.webelement.FirefoxWebElement (session=""e9e4995e-4fc1-0e49-a4da-70aefb84fa9e"", element=""d68d0108-1164-6947-8796-4acb0be3162c"")>","<selenium.webdriver.firefox.webelement.FirefoxWebElement (session=""e9e4995e-4fc1-0e49-a4da-70aefb84fa9e"", element=""ba8e4d55-cef2-bf44-9a83-01bb97738932"")>"
"<selenium.webdriver.firefox.webelement.FirefoxWebElement (session=""e9e4995e-4fc1-0e49-a4da-70aefb84fa9e"", element=""b7b1d58d-b51d-7745-888c-e69ee0cbba82"")>","<selenium.webdriver.firefox.webelement.FirefoxWebElement (session=""e9e4995e-4fc1-0e49-a4da-70aefb84fa9e"", element=""123ecb81-b65e-2c43-b5a7-daa65689f90e"")>","<selenium.webdriver.firefox.webelement.FirefoxWebElement (session=""e9e4995e-4fc1-0e49-a4da-70aefb84fa9e"", element=""8d8c8d2e-c0f8-e246-a225-529830f40d8b"")>"
"<selenium.webdriver.firefox.webelement.FirefoxWebElement (session=""e9e4995e-4fc1-0e49-a4da-70aefb84fa9e"", element=""8181fffa-c507-7044-91f4-3ea895c2e90e"")>","<selenium.webdriver.firefox.webelement.FirefoxWebElement (session=""e9e4995e-4fc1-0e49-a4da-70aefb84fa9e"", element=""5500475d-ba2c-4446-b893-84c53fd4d022"")>","<selenium.webdriver.firefox.webelement.FirefoxWebElement (session=""e9e4995e-4fc1-0e49-a4da-70aefb84fa9e"", element=""fbd00ceb-854c-994e-9515-24a8d55840a9"")>"
"<selenium.webdriver.firefox.webelement.FirefoxWebElement (session=""e9e4995e-4fc1-0e49-a4da-70aefb84fa9e"", element=""31f66314-f5ae-5749-836e-e27f5d9d4508"")>","<selenium.webdriver.firefox.webelement.FirefoxWebElement (session=""e9e4995e-4fc1-0e49-a4da-70aefb84fa9e"", element=""c1ceb8fd-9501-1f42-8168-a91511f02fcf"")>","<selenium.webdriver.firefox.webelement.FirefoxWebElement (session=""e9e4995e-4fc1-0e49-a4da-70aefb84fa9e"", element=""0277eb39-a9cc-ac4e-87a2-9d219df2e274"")>"
"<selenium.webdriver.firefox.webelement.FirefoxWebElement (session=""e9e4995e-4fc1-0e49-a4da-70aefb84fa9e"", element=""972c0413-4c55-6943-86a1-4ea5b84a7c28"")>","<selenium.webdriver.firefox.webelement.FirefoxWebElement (session=""e9e4995e-4fc1-0e49-a4da-70aefb84fa9e"", element=""5e4428a9-3bd4-524f-8d2e-6ea1bfb03a02"")>","<selenium.webdriver.firefox.webelement.FirefoxWebElement (session=""e9e4995e-4fc1-0e49-a4da-70aefb84fa9e"", element=""9cf954ed-3445-1549-9f4a-65b140e14aa1"")>"
"<selenium.webdriver.firefox.webelement.FirefoxWebElement (session=""e9e4995e-4fc1-0e49-a4da-70aefb84fa9e"", element=""def6bdae-3d80-e147-85ae-9029ff1f2114"")>","<selenium.webdriver.firefox.webelement.FirefoxWebElement (session=""e9e4995e-4fc1-0e49-a4da-70aefb84fa9e"", element=""912faf4d-037b-1547-8b70-c18dc5176104"")>","<selenium.webdriver.firefox.webelement.FirefoxWebElement (session=""e9e4995e-4fc1-0e49-a4da-70aefb84fa9e"", element=""2b30fa46-8b8d-7548-886f-580e64442fba"")>"
"<selenium.webdriver.firefox.webelement.FirefoxWebElement (session=""e9e4995e-4fc1-0e49-a4da-70aefb84fa9e"", element=""b90521ec-9c5c-b442-9538-91fddbcf5d5e"")>","<selenium.webdriver.firefox.webelement.FirefoxWebElement (session=""e9e4995e-4fc1-0e49-a4da-70aefb84fa9e"", element=""27acb8e0-cac4-a84e-89b3-91e497148600"")>","<selenium.webdriver.firefox.webelement.FirefoxWebElement (session=""e9e4995e-4fc1-0e49-a4da-70aefb84fa9e"", element=""3196b1b7-801f-0e4b-b566-67c9df3cc878"")>"
"<selenium.webdriver.firefox.webelement.FirefoxWebElement (session=""e9e4995e-4fc1-0e49-a4da-70aefb84fa9e"", element=""19bd0c40-375e-5646-bf58-998173740c51"")>","<selenium.webdriver.firefox.webelement.FirefoxWebElement (session=""e9e4995e-4fc1-0e49-a4da-70aefb84fa9e"", element=""60bfc239-1e2d-674d-8299-0ed88c781a06"")>","<selenium.webdriver.firefox.webelement.FirefoxWebElement (session=""e9e4995e-4fc1-0e49-a4da-70aefb84fa9e"", element=""da90c29a-90a3-a243-b542-a7cd8e24edfb"")>"
"<selenium.webdriver.firefox.webelement.FirefoxWebElement (session=""e9e4995e-4fc1-0e49-a4da-70aefb84fa9e"", element=""777951a0-3779-c14e-abbe-60d36c98cde7"")>","<selenium.webdriver.firefox.webelement.FirefoxWebElement (session=""e9e4995e-4fc1-0e49-a4da-70aefb84fa9e"", element=""bd19b653-bd2b-e84e-9697-48229e5c71ae"")>","<selenium.webdriver.firefox.webelement.FirefoxWebElement (session=""e9e4995e-4fc1-0e49-a4da-70aefb84fa9e"", element=""db7cb6d2-cdc2-8f44-be5d-8ebbdac14f55"")>"
"<selenium.webdriver.firefox.webelement.FirefoxWebElement (session=""e9e4995e-4fc1-0e49-a4da-70aefb84fa9e"", element=""accc6513-8e7d-ce49-81b4-390229420dc8"")>","<selenium.webdriver.firefox.webelement.FirefoxWebElement (session=""e9e4995e-4fc1-0e49-a4da-70aefb84fa9e"", element=""38599a9c-1784-a749-a08f-2e4fbb882c4f"")>","<selenium.webdriver.firefox.webelement.FirefoxWebElement (session=""e9e4995e-4fc1-0e49-a4da-70aefb84fa9e"", element=""15ba8d72-5430-004a-af68-5fd5002b16c3"")>"
"<selenium.webdriver.firefox.webelement.FirefoxWebElement (session=""e9e4995e-4fc1-0e49-a4da-70aefb84fa9e"", element=""edd20fd6-bcfc-6145-a7fe-d46392611155"")>","<selenium.webdriver.firefox.webelement.FirefoxWebElement (session=""e9e4995e-4fc1-0e49-a4da-70aefb84fa9e"", element=""c262531c-55be-9d40-a59e-a6d2d16f6616"")>","<selenium.webdriver.firefox.webelement.FirefoxWebElement (session=""e9e4995e-4fc1-0e49-a4da-70aefb84fa9e"", element=""583bfe39-5f14-cf43-987a-11b830bd117b"")>"
"<selenium.webdriver.firefox.webelement.FirefoxWebElement (session=""e9e4995e-4fc1-0e49-a4da-70aefb84fa9e"", element=""c13eeaea-f92a-3340-a7b2-db2c75976ae9"")>","<selenium.webdriver.firefox.webelement.FirefoxWebElement (session=""e9e4995e-4fc1-0e49-a4da-70aefb84fa9e"", element=""dfa79948-6df3-f94e-8b3d-7cc48b3b620c"")>","<selenium.webdriver.firefox.webelement.FirefoxWebElement (session=""e9e4995e-4fc1-0e49-a4da-70aefb84fa9e"", element=""3ce9996a-7b36-0d41-9f01-caa009bb6f72"")>"
"<selenium.webdriver.firefox.webelement.FirefoxWebElement (session=""e9e4995e-4fc1-0e49-a4da-70aefb84fa9e"", element=""a0c14c31-6196-9744-ab46-2478c7216d19"")>","<selenium.webdriver.firefox.webelement.FirefoxWebElement (session=""e9e4995e-4fc1-0e49-a4da-70aefb84fa9e"", element=""67e22208-2c19-dc45-92ea-5bb321fa3c47"")>","<selenium.webdriver.firefox.webelement.FirefoxWebElement (session=""e9e4995e-4fc1-0e49-a4da-70aefb84fa9e"", element=""94999048-b427-6d44-a334-0c1ede937415"")>"
"<selenium.webdriver.firefox.webelement.FirefoxWebElement (session=""e9e4995e-4fc1-0e49-a4da-70aefb84fa9e"", element=""b05234d3-1952-5f43-98e1-4fd7dfc1639b"")>","<selenium.webdriver.firefox.webelement.FirefoxWebElement (session=""e9e4995e-4fc1-0e49-a4da-70aefb84fa9e"", element=""e213caa6-a1c8-fa41-8657-000804d69688"")>","<selenium.webdriver.firefox.webelement.FirefoxWebElement (session=""e9e4995e-4fc1-0e49-a4da-70aefb84fa9e"", element=""bfad1371-56dd-2541-90e4-1fb719b75a49"")>"
"<selenium.webdriver.firefox.webelement.FirefoxWebElement (session=""e9e4995e-4fc1-0e49-a4da-70aefb84fa9e"", element=""ef149d08-21ae-444e-88a9-d87638b3a2cf"")>","<selenium.webdriver.firefox.webelement.FirefoxWebElement (session=""e9e4995e-4fc1-0e49-a4da-70aefb84fa9e"", element=""37f26c8b-1a7e-434e-8c6b-540862131e57"")>","<selenium.webdriver.firefox.webelement.FirefoxWebElement (session=""e9e4995e-4fc1-0e49-a4da-70aefb84fa9e"", element=""b40715ad-3f95-4948-bc72-35f94f84228b"")>"
"<selenium.webdriver.firefox.webelement.FirefoxWebElement (session=""e9e4995e-4fc1-0e49-a4da-70aefb84fa9e"", element=""53756db5-b1bb-9b43-8a55-65f03e8e3eb5"")>","<selenium.webdriver.firefox.webelement.FirefoxWebElement (session=""e9e4995e-4fc1-0e49-a4da-70aefb84fa9e"", element=""c2a7def0-f5cd-8049-8835-16f680714596"")>","<selenium.webdriver.firefox.webelement.FirefoxWebElement (session=""e9e4995e-4fc1-0e49-a4da-70aefb84fa9e"", element=""efff6759-3cec-b14d-a4a5-01915a2a1d9a"")>"
"<selenium.webdriver.firefox.webelement.FirefoxWebElement (session=""e9e4995e-4fc1-0e49-a4da-70aefb84fa9e"", element=""e9293809-55e3-b149-bbe9-39c17275c465"")>","<selenium.webdriver.firefox.webelement.FirefoxWebElement (session=""e9e4995e-4fc1-0e49-a4da-70aefb84fa9e"", element=""03f9c786-c8ec-bb45-be87-c1c369ca4108"")>","<selenium.webdriver.firefox.webelement.FirefoxWebElement (session=""e9e4995e-4fc1-0e49-a4da-70aefb84fa9e"", element=""dd848a45-7d33-384f-a129-543ce245fd64"")>"
"<selenium.webdriver.firefox.webelement.FirefoxWebElement (session=""e9e4995e-4fc1-0e49-a4da-70aefb84fa9e"", element=""68edc899-b00c-1549-9f8c-5cd816a21fa7"")>","<selenium.webdriver.firefox.webelement.FirefoxWebElement (session=""e9e4995e-4fc1-0e49-a4da-70aefb84fa9e"", element=""a0eaaacc-bff8-8b47-8cb1-f23f5720e5d9"")>","<selenium.webdriver.firefox.webelement.FirefoxWebElement (session=""e9e4995e-4fc1-0e49-a4da-70aefb84fa9e"", element=""a4f7bbd2-f45e-4944-86a4-20cc4ef18bca"")>"
"<selenium.webdriver.firefox.webelement.FirefoxWebElement (session=""e9e4995e-4fc1-0e49-a4da-70aefb84fa9e"", element=""868bf651-a29c-3145-9434-62afcd5c9b24"")>","<selenium.webdriver.firefox.webelement.FirefoxWebElement (session=""e9e4995e-4fc1-0e49-a4da-70aefb84fa9e"", element=""a5aa7905-3324-9d4a-afad-3ed0c4722c63"")>","<selenium.webdriver.firefox.webelement.FirefoxWebElement (session=""e9e4995e-4fc1-0e49-a4da-70aefb84fa9e"", element=""a0f8b5c5-d605-0a41-9926-7bb48ae31b30"")>"
"<selenium.webdriver.firefox.webelement.FirefoxWebElement (session=""e9e4995e-4fc1-0e49-a4da-70aefb84fa9e"", element=""d1f149ea-dde7-6845-be8b-cb557ab2bdec"")>","<selenium.webdriver.firefox.webelement.FirefoxWebElement (session=""e9e4995e-4fc1-0e49-a4da-70aefb84fa9e"", element=""5e2e35b1-a003-1b4d-b7e9-2e3d7db9c098"")>","<selenium.webdriver.firefox.webelement.FirefoxWebElement (session=""e9e4995e-4fc1-0e49-a4da-70aefb84fa9e"", element=""ed1899c5-d576-0d48-89bd-3c2de365f754"")>"
"<selenium.webdriver.firefox.webelement.FirefoxWebElement (session=""e9e4995e-4fc1-0e49-a4da-70aefb84fa9e"", element=""c477faca-f742-b746-a930-b81d3f956c0a"")>","<selenium.webdriver.firefox.webelement.FirefoxWebElement (session=""e9e4995e-4fc1-0e49-a4da-70aefb84fa9e"", element=""8947f885-d1e1-1844-b129-eda5629a48ef"")>","<selenium.webdriver.firefox.webelement.FirefoxWebElement (session=""e9e4995e-4fc1-0e49-a4da-70aefb84fa9e"", element=""9b92f05b-5756-d246-af85-f1e5d7dc2edb"")>"
"<selenium.webdriver.firefox.webelement.FirefoxWebElement (session=""e9e4995e-4fc1-0e49-a4da-70aefb84fa9e"", element=""77a84ef0-fb22-0748-87c2-5ca93c8ef836"")>","<selenium.webdriver.firefox.webelement.FirefoxWebElement (session=""e9e4995e-4fc1-0e49-a4da-70aefb84fa9e"", element=""b48b63a0-1d63-404f-983d-8cfa48daaac7"")>","<selenium.webdriver.firefox.webelement.FirefoxWebElement (session=""e9e4995e-4fc1-0e49-a4da-70aefb84fa9e"", element=""a23de1d6-db88-0344-80cf-410238340c50"")>"
"<selenium.webdriver.firefox.webelement.FirefoxWebElement (session=""e9e4995e-4fc1-0e49-a4da-70aefb84fa9e"", element=""1fb0472e-3f94-9b48-84dc-d3f2b4ab7a32"")>","<selenium.webdriver.firefox.webelement.FirefoxWebElement (session=""e9e4995e-4fc1-0e49-a4da-70aefb84fa9e"", element=""6ed9f43f-4cc9-d443-be4f-f53e6f609fb0"")>","<selenium.webdriver.firefox.webelement.FirefoxWebElement (session=""e9e4995e-4fc1-0e49-a4da-70aefb84fa9e"", element=""2195fe4f-c698-d046-8e92-8878931ba817"")>"
"<selenium.webdriver.firefox.webelement.FirefoxWebElement (session=""e9e4995e-4fc1-0e49-a4da-70aefb84fa9e"", element=""666b3f9b-1e13-6345-8cb1-393b3c63628e"")>","<selenium.webdriver.firefox.webelement.FirefoxWebElement (session=""e9e4995e-4fc1-0e49-a4da-70aefb84fa9e"", element=""2bf6bfc0-4985-c549-a174-03aad0ea521d"")>","<selenium.webdriver.firefox.webelement.FirefoxWebElement (session=""e9e4995e-4fc1-0e49-a4da-70aefb84fa9e"", element=""370b2da3-ed17-214e-973d-1a99ba0a16e5"")>"
"<selenium.webdriver.firefox.webelement.FirefoxWebElement (session=""e9e4995e-4fc1-0e49-a4da-70aefb84fa9e"", element=""dbea9506-0664-0841-959e-7da098d703ed"")>","<selenium.webdriver.firefox.webelement.FirefoxWebElement (session=""e9e4995e-4fc1-0e49-a4da-70aefb84fa9e"", element=""e276cfc3-5329-124f-943b-4ab2a8e79a53"")>","<selenium.webdriver.firefox.webelement.FirefoxWebElement (session=""e9e4995e-4fc1-0e49-a4da-70aefb84fa9e"", element=""d09876b7-468a-3141-b4be-1f509474031f"")>"
"<selenium.webdriver.firefox.webelement.FirefoxWebElement (session=""e9e4995e-4fc1-0e49-a4da-70aefb84fa9e"", element=""7989b152-be9a-fa4c-90ce-45412108fc27"")>","<selenium.webdriver.firefox.webelement.FirefoxWebElement (session=""e9e4995e-4fc1-0e49-a4da-70aefb84fa9e"", element=""25a24aa0-b2f7-6541-8062-fb84b430c152"")>","<selenium.webdriver.firefox.webelement.FirefoxWebElement (session=""e9e4995e-4fc1-0e49-a4da-70aefb84fa9e"", element=""29897e8f-4194-7546-aa4d-b77a34e62f55"")>"
"<selenium.webdriver.firefox.webelement.FirefoxWebElement (session=""e9e4995e-4fc1-0e49-a4da-70aefb84fa9e"", element=""339c2a13-2314-7d4d-ad9c-445f5275b2b7"")>","<selenium.webdriver.firefox.webelement.FirefoxWebElement (session=""e9e4995e-4fc1-0e49-a4da-70aefb84fa9e"", element=""91c78303-2129-ba4b-b2ff-46bfdd1f8a75"")>","<selenium.webdriver.firefox.webelement.FirefoxWebElement (session=""e9e4995e-4fc1-0e49-a4da-70aefb84fa9e"", element=""33a556fb-b36a-f948-bb48-27abaa562161"")>"
"<selenium.webdriver.firefox.webelement.FirefoxWebElement (session=""e9e4995e-4fc1-0e49-a4da-70aefb84fa9e"", element=""480e1c12-eede-a040-b17f-764501f03977"")>","<selenium.webdriver.firefox.webelement.FirefoxWebElement (session=""e9e4995e-4fc1-0e49-a4da-70aefb84fa9e"", element=""4e01ac96-2145-f14e-89db-7b6c3144b796"")>","<selenium.webdriver.firefox.webelement.FirefoxWebElement (session=""e9e4995e-4fc1-0e49-a4da-70aefb84fa9e"", element=""48f81381-50f7-ac4f-85be-f9d5884b85e1"")>"
"<selenium.webdriver.firefox.webelement.FirefoxWebElement (session=""e9e4995e-4fc1-0e49-a4da-70aefb84fa9e"", element=""8eab64f2-f8e7-3b4c-a629-3f51d4e01992"")>","<selenium.webdriver.firefox.webelement.FirefoxWebElement (session=""e9e4995e-4fc1-0e49-a4da-70aefb84fa9e"", element=""b4f4241f-be13-c141-a64e-cf60b7f1316d"")>","<selenium.webdriver.firefox.webelement.FirefoxWebElement (session=""e9e4995e-4fc1-0e49-a4da-70aefb84fa9e"", element=""e267fc01-875b-7a46-b03f-6eafa8644d63"")>"
"<selenium.webdriver.firefox.webelement.FirefoxWebElement (session=""e9e4995e-4fc1-0e49-a4da-70aefb84fa9e"", element=""b50bb063-4ad0-234e-972b-b64dc56e8e82"")>","<selenium.webdriver.firefox.webelement.FirefoxWebElement (session=""e9e4995e-4fc1-0e49-a4da-70aefb84fa9e"", element=""542a1a35-094b-4843-a051-8a3c48bde515"")>","<selenium.webdriver.firefox.webelement.FirefoxWebElement (session=""e9e4995e-4fc1-0e49-a4da-70aefb84fa9e"", element=""b45dc52c-65e7-f645-8b3d-1e5bb69b7b66"")>"
"<selenium.webdriver.firefox.webelement.FirefoxWebElement (session=""e9e4995e-4fc1-0e49-a4da-70aefb84fa9e"", element=""88f240bc-217a-0d46-b788-01b22f75e8a7"")>","<selenium.webdriver.firefox.webelement.FirefoxWebElement (session=""e9e4995e-4fc1-0e49-a4da-70aefb84fa9e"", element=""05d4b9dc-58c3-b944-bee0-4e8057f0a00e"")>","<selenium.webdriver.firefox.webelement.FirefoxWebElement (session=""e9e4995e-4fc1-0e49-a4da-70aefb84fa9e"", element=""4465f1b2-4d95-d44c-b1f5-67547619bb35"")>"
"<selenium.webdriver.firefox.webelement.FirefoxWebElement (session=""e9e4995e-4fc1-0e49-a4da-70aefb84fa9e"", element=""a3c253eb-1e51-844d-a981-fb0f97d5e670"")>","<selenium.webdriver.firefox.webelement.FirefoxWebElement (session=""e9e4995e-4fc1-0e49-a4da-70aefb84fa9e"", element=""9d193805-de86-9048-a4bc-49d7adf733e4"")>","<selenium.webdriver.firefox.webelement.FirefoxWebElement (session=""e9e4995e-4fc1-0e49-a4da-70aefb84fa9e"", element=""602f6d3f-3774-3e4a-9b02-c206e3c23d8a"")>"
"<selenium.webdriver.firefox.webelement.FirefoxWebElement (session=""e9e4995e-4fc1-0e49-a4da-70aefb84fa9e"", element=""e74314fa-f0b0-3744-85c2-431fb05e7251"")>","<selenium.webdriver.firefox.webelement.FirefoxWebElement (session=""e9e4995e-4fc1-0e49-a4da-70aefb84fa9e"", element=""4db9bea7-886b-ea49-951d-199e6a1619a5"")>","<selenium.webdriver.firefox.webelement.FirefoxWebElement (session=""e9e4995e-4fc1-0e49-a4da-70aefb84fa9e"", element=""308f097d-0c2e-9347-ac11-d972a9b4fe98"")>"
"<selenium.webdriver.firefox.webelement.FirefoxWebElement (session=""e9e4995e-4fc1-0e49-a4da-70aefb84fa9e"", element=""9b3ab9eb-4f13-3549-beaf-92e8b1e23dee"")>","<selenium.webdriver.firefox.webelement.FirefoxWebElement (session=""e9e4995e-4fc1-0e49-a4da-70aefb84fa9e"", element=""a083648d-5147-c542-af9b-56dff0bad7cb"")>","<selenium.webdriver.firefox.webelement.FirefoxWebElement (session=""e9e4995e-4fc1-0e49-a4da-70aefb84fa9e"", element=""ce008ecc-f26c-c946-ac93-43e18fbd1ef2"")>"
"<selenium.webdriver.firefox.webelement.FirefoxWebElement (session=""e9e4995e-4fc1-0e49-a4da-70aefb84fa9e"", element=""d2837047-d230-9d47-9779-e32b4824b47a"")>","<selenium.webdriver.firefox.webelement.FirefoxWebElement (session=""e9e4995e-4fc1-0e49-a4da-70aefb84fa9e"", element=""7d3dac36-4724-9347-9e8b-7d7fd2cc7734"")>","<selenium.webdriver.firefox.webelement.FirefoxWebElement (session=""e9e4995e-4fc1-0e49-a4da-70aefb84fa9e"", element=""b81cd286-426a-7645-81e1-f7da1c65b76d"")>"
"<selenium.webdriver.firefox.webelement.FirefoxWebElement (session=""e9e4995e-4fc1-0e49-a4da-70aefb84fa9e"", element=""dad9dacc-9eca-e048-bee2-df75b3eaba30"")>","<selenium.webdriver.firefox.webelement.FirefoxWebElement (session=""e9e4995e-4fc1-0e49-a4da-70aefb84fa9e"", element=""bee0d8b1-7a39-f949-ad64-2016442a5e06"")>","<selenium.webdriver.firefox.webelement.FirefoxWebElement (session=""e9e4995e-4fc1-0e49-a4da-70aefb84fa9e"", element=""ae1e02b2-f590-c94e-b297-63bc879f0682"")>"
"<selenium.webdriver.firefox.webelement.FirefoxWebElement (session=""e9e4995e-4fc1-0e49-a4da-70aefb84fa9e"", element=""20fb89c0-031a-fc40-af16-ec764c618a7e"")>","<selenium.webdriver.firefox.webelement.FirefoxWebElement (session=""e9e4995e-4fc1-0e49-a4da-70aefb84fa9e"", element=""fd832d29-06ac-5f47-a1db-461c27a4822b"")>","<selenium.webdriver.firefox.webelement.FirefoxWebElement (session=""e9e4995e-4fc1-0e49-a4da-70aefb84fa9e"", element=""9313754b-6239-f64d-98d5-1566d4be2715"")>"
"<selenium.webdriver.firefox.webelement.FirefoxWebElement (session=""e9e4995e-4fc1-0e49-a4da-70aefb84fa9e"", element=""c2e36591-dea7-af4d-8fde-b2dc517320c2"")>","<selenium.webdriver.firefox.webelement.FirefoxWebElement (session=""e9e4995e-4fc1-0e49-a4da-70aefb84fa9e"", element=""c3a95b2c-906a-7c4a-8660-710c6316d708"")>","<selenium.webdriver.firefox.webelement.FirefoxWebElement (session=""e9e4995e-4fc1-0e49-a4da-70aefb84fa9e"", element=""b47e171a-d4c5-4149-ab58-956c91e24586"")>"
"<selenium.webdriver.firefox.webelement.FirefoxWebElement (session=""e9e4995e-4fc1-0e49-a4da-70aefb84fa9e"", element=""3b8e9bd9-f593-8e4b-aff4-82af4f1bf52b"")>","<selenium.webdriver.firefox.webelement.FirefoxWebElement (session=""e9e4995e-4fc1-0e49-a4da-70aefb84fa9e"", element=""2667e390-357d-a749-8908-d99df7377e2e"")>","<selenium.webdriver.firefox.webelement.FirefoxWebElement (session=""e9e4995e-4fc1-0e49-a4da-70aefb84fa9e"", element=""f9374900-7dff-aa49-aa8c-f375904b0749"")>"
"<selenium.webdriver.firefox.webelement.FirefoxWebElement (session=""e9e4995e-4fc1-0e49-a4da-70aefb84fa9e"", element=""33818a4d-4fb7-9347-9742-a134895db1ba"")>","<selenium.webdriver.firefox.webelement.FirefoxWebElement (session=""e9e4995e-4fc1-0e49-a4da-70aefb84fa9e"", element=""b5565343-ec50-7248-b6d6-b8e2549dd2ae"")>","<selenium.webdriver.firefox.webelement.FirefoxWebElement (session=""e9e4995e-4fc1-0e49-a4da-70aefb84fa9e"", element=""dedd0f3e-6ecc-a044-a0e7-80ae49b9c96d"")>"
"<selenium.webdriver.firefox.webelement.FirefoxWebElement (session=""e9e4995e-4fc1-0e49-a4da-70aefb84fa9e"", element=""d335a57d-febd-3941-bff6-0258cb79925a"")>","<selenium.webdriver.firefox.webelement.FirefoxWebElement (session=""e9e4995e-4fc1-0e49-a4da-70aefb84fa9e"", element=""fb0fdf76-23e8-a148-8d8f-4a6d9077a585"")>","<selenium.webdriver.firefox.webelement.FirefoxWebElement (session=""e9e4995e-4fc1-0e49-a4da-70aefb84fa9e"", element=""7530e6fe-c474-9740-b581-fd909d2785d3"")>"
"<selenium.webdriver.firefox.webelement.FirefoxWebElement (session=""e9e4995e-4fc1-0e49-a4da-70aefb84fa9e"", element=""2939022c-b6c7-e940-b486-cca7e9a28c7f"")>","<selenium.webdriver.firefox.webelement.FirefoxWebElement (session=""e9e4995e-4fc1-0e49-a4da-70aefb84fa9e"", element=""936a26e5-0f1f-6344-806a-75ea6f0e7b7f"")>","<selenium.webdriver.firefox.webelement.FirefoxWebElement (session=""e9e4995e-4fc1-0e49-a4da-70aefb84fa9e"", element=""da389482-e293-9241-9a19-7c718af63627"")>"
"<selenium.webdriver.firefox.webelement.FirefoxWebElement (session=""e9e4995e-4fc1-0e49-a4da-70aefb84fa9e"", element=""ce53fe63-52cc-1d4c-b6b9-cd076d0aad98"")>","<selenium.webdriver.firefox.webelement.FirefoxWebElement (session=""e9e4995e-4fc1-0e49-a4da-70aefb84fa9e"", element=""2cf6926f-1ac5-9a4c-a789-260fb75357a5"")>","<selenium.webdriver.firefox.webelement.FirefoxWebElement (session=""e9e4995e-4fc1-0e49-a4da-70aefb84fa9e"", element=""8106967d-9938-d044-a3b5-9945ca10ccdc"")>"
"<selenium.webdriver.firefox.webelement.FirefoxWebElement (session=""e9e4995e-4fc1-0e49-a4da-70aefb84fa9e"", element=""0b7fd3bc-bc73-cb49-a2fb-a52927911d22"")>","<selenium.webdriver.firefox.webelement.FirefoxWebElement (session=""e9e4995e-4fc1-0e49-a4da-70aefb84fa9e"", element=""fa8dbd97-18c3-fa4a-8b2e-8278ea0d090d"")>","<selenium.webdriver.firefox.webelement.FirefoxWebElement (session=""e9e4995e-4fc1-0e49-a4da-70aefb84fa9e"", element=""e2825e4c-729a-0942-9284-0ee609b3be93"")>"
"<selenium.webdriver.firefox.webelement.FirefoxWebElement (session=""e9e4995e-4fc1-0e49-a4da-70aefb84fa9e"", element=""ae247b77-36b2-2b49-909d-80bb66e0271f"")>","<selenium.webdriver.firefox.webelement.FirefoxWebElement (session=""e9e4995e-4fc1-0e49-a4da-70aefb84fa9e"", element=""7471cf29-00a9-0249-8f46-2e34c22829bc"")>","<selenium.webdriver.firefox.webelement.FirefoxWebElement (session=""e9e4995e-4fc1-0e49-a4da-70aefb84fa9e"", element=""922a7694-d937-624a-99df-9dc7310ebe1c"")>"
"<selenium.webdriver.firefox.webelement.FirefoxWebElement (session=""e9e4995e-4fc1-0e49-a4da-70aefb84fa9e"", element=""b47dd083-06e9-6644-8715-c9aeea013be1"")>","<selenium.webdriver.firefox.webelement.FirefoxWebElement (session=""e9e4995e-4fc1-0e49-a4da-70aefb84fa9e"", element=""1f62e769-6675-9645-bbd1-d3fe3c4c931e"")>","<selenium.webdriver.firefox.webelement.FirefoxWebElement (session=""e9e4995e-4fc1-0e49-a4da-70aefb84fa9e"", element=""6cc7089c-5110-2446-947c-f77b159bf927"")>"
"<selenium.webdriver.firefox.webelement.FirefoxWebElement (session=""e9e4995e-4fc1-0e49-a4da-70aefb84fa9e"", element=""9a8a36e9-82ec-4642-a888-c509dce237d2"")>","<selenium.webdriver.firefox.webelement.FirefoxWebElement (session=""e9e4995e-4fc1-0e49-a4da-70aefb84fa9e"", element=""c7a2da1b-ee77-3a42-8ff6-d1a4a4693f02"")>","<selenium.webdriver.firefox.webelement.FirefoxWebElement (session=""e9e4995e-4fc1-0e49-a4da-70aefb84fa9e"", element=""4354bf5c-145e-f940-9c4f-f04a6df9a246"")>"
"<selenium.webdriver.firefox.webelement.FirefoxWebElement (session=""e9e4995e-4fc1-0e49-a4da-70aefb84fa9e"", element=""f2cef282-4370-1440-9549-354a13bf4676"")>","<selenium.webdriver.firefox.webelement.FirefoxWebElement (session=""e9e4995e-4fc1-0e49-a4da-70aefb84fa9e"", element=""bb81bf9a-453b-0545-822c-306a5bf788d8"")>","<selenium.webdriver.firefox.webelement.FirefoxWebElement (session=""e9e4995e-4fc1-0e49-a4da-70aefb84fa9e"", element=""2e8d5736-4673-2142-8a93-b12a73e3507f"")>"
"<selenium.webdriver.firefox.webelement.FirefoxWebElement (session=""e9e4995e-4fc1-0e49-a4da-70aefb84fa9e"", element=""295724cb-8bb5-3f4f-a7d2-8f99f529d3eb"")>","<selenium.webdriver.firefox.webelement.FirefoxWebElement (session=""e9e4995e-4fc1-0e49-a4da-70aefb84fa9e"", element=""577d9919-b3a8-e84c-a0d1-d0f5bb2ff6b7"")>","<selenium.webdriver.firefox.webelement.FirefoxWebElement (session=""e9e4995e-4fc1-0e49-a4da-70aefb84fa9e"", element=""45c1cb38-00a4-784f-9136-96cde1738ae3"")>"
"<selenium.webdriver.firefox.webelement.FirefoxWebElement (session=""e9e4995e-4fc1-0e49-a4da-70aefb84fa9e"", element=""6348c14a-528b-1d48-805d-4ea87b4352c6"")>","<selenium.webdriver.firefox.webelement.FirefoxWebElement (session=""e9e4995e-4fc1-0e49-a4da-70aefb84fa9e"", element=""f8603f20-e12a-904b-83cb-45a6f6b55a08"")>","<selenium.webdriver.firefox.webelement.FirefoxWebElement (session=""e9e4995e-4fc1-0e49-a4da-70aefb84fa9e"", element=""c7829b04-bc04-af44-90c0-18def3f0041b"")>"
"<selenium.webdriver.firefox.webelement.FirefoxWebElement (session=""e9e4995e-4fc1-0e49-a4da-70aefb84fa9e"", element=""d68fb330-9d6c-d44b-84bb-23d010dc0edc"")>","<selenium.webdriver.firefox.webelement.FirefoxWebElement (session=""e9e4995e-4fc1-0e49-a4da-70aefb84fa9e"", element=""b446ac75-cd0e-974f-bddb-cbc71652dfe8"")>","<selenium.webdriver.firefox.webelement.FirefoxWebElement (session=""e9e4995e-4fc1-0e49-a4da-70aefb84fa9e"", element=""414f405f-5da2-f249-a214-af3107e88297"")>"
"<selenium.webdriver.firefox.webelement.FirefoxWebElement (session=""e9e4995e-4fc1-0e49-a4da-70aefb84fa9e"", element=""00a0e0bf-0ddb-f64d-9b9e-c6c50d723aec"")>","<selenium.webdriver.firefox.webelement.FirefoxWebElement (session=""e9e4995e-4fc1-0e49-a4da-70aefb84fa9e"", element=""5aec3a5e-ba34-f54c-b243-41901cd68985"")>","<selenium.webdriver.firefox.webelement.FirefoxWebElement (session=""e9e4995e-4fc1-0e49-a4da-70aefb84fa9e"", element=""037af3f7-b233-6a44-852e-bd4ca5c79779"")>"
"<selenium.webdriver.firefox.webelement.FirefoxWebElement (session=""e9e4995e-4fc1-0e49-a4da-70aefb84fa9e"", element=""9e693854-2121-cd42-8c16-986820cc6f4d"")>","<selenium.webdriver.firefox.webelement.FirefoxWebElement (session=""e9e4995e-4fc1-0e49-a4da-70aefb84fa9e"", element=""a7468fa6-45c6-6a46-97fa-0c9a9aec1bfc"")>","<selenium.webdriver.firefox.webelement.FirefoxWebElement (session=""e9e4995e-4fc1-0e49-a4da-70aefb84fa9e"", element=""b7fc61a7-1887-4e44-9c4d-9f169cdb3f94"")>"
"<selenium.webdriver.firefox.webelement.FirefoxWebElement (session=""e9e4995e-4fc1-0e49-a4da-70aefb84fa9e"", element=""705662d6-ff8e-4f4c-8ebd-a5255a9ad99d"")>","<selenium.webdriver.firefox.webelement.FirefoxWebElement (session=""e9e4995e-4fc1-0e49-a4da-70aefb84fa9e"", element=""3f718161-fa60-2345-9163-bae7efb414ac"")>","<selenium.webdriver.firefox.webelement.FirefoxWebElement (session=""e9e4995e-4fc1-0e49-a4da-70aefb84fa9e"", element=""f3a76e41-0c88-a94b-a5c4-f8c9f63b3d8a"")>"
"<selenium.webdriver.firefox.webelement.FirefoxWebElement (session=""e9e4995e-4fc1-0e49-a4da-70aefb84fa9e"", element=""6e64ee62-7f86-f144-9997-b0956b8f73a0"")>","<selenium.webdriver.firefox.webelement.FirefoxWebElement (session=""e9e4995e-4fc1-0e49-a4da-70aefb84fa9e"", element=""f23d43fe-b446-3549-95a4-d7c9b0e8a805"")>","<selenium.webdriver.firefox.webelement.FirefoxWebElement (session=""e9e4995e-4fc1-0e49-a4da-70aefb84fa9e"", element=""52b2a165-57d5-1b48-82ba-a8ba757cf664"")>"
"<selenium.webdriver.firefox.webelement.FirefoxWebElement (session=""e9e4995e-4fc1-0e49-a4da-70aefb84fa9e"", element=""96e16d6e-5586-7344-abf2-98596febda65"")>","<selenium.webdriver.firefox.webelement.FirefoxWebElement (session=""e9e4995e-4fc1-0e49-a4da-70aefb84fa9e"", element=""e8aa193f-79d3-ff40-ab7f-6c2910da53fd"")>","<selenium.webdriver.firefox.webelement.FirefoxWebElement (session=""e9e4995e-4fc1-0e49-a4da-70aefb84fa9e"", element=""a742099d-5de3-ba42-9ae5-ea9c7625e2b2"")>"
"<selenium.webdriver.firefox.webelement.FirefoxWebElement (session=""e9e4995e-4fc1-0e49-a4da-70aefb84fa9e"", element=""0d58fa8b-d284-974e-b11d-a6821531dd4f"")>","<selenium.webdriver.firefox.webelement.FirefoxWebElement (session=""e9e4995e-4fc1-0e49-a4da-70aefb84fa9e"", element=""f0b39e74-9101-c243-827b-1127ad840f2a"")>","<selenium.webdriver.firefox.webelement.FirefoxWebElement (session=""e9e4995e-4fc1-0e49-a4da-70aefb84fa9e"", element=""f9895cc3-db2e-0d4a-b02c-b6f3e961455c"")>"
"<selenium.webdriver.firefox.webelement.FirefoxWebElement (session=""e9e4995e-4fc1-0e49-a4da-70aefb84fa9e"", element=""c807fce6-bb8b-ca42-85a9-e17680ec7b47"")>","<selenium.webdriver.firefox.webelement.FirefoxWebElement (session=""e9e4995e-4fc1-0e49-a4da-70aefb84fa9e"", element=""a1acd952-80eb-934b-bfa4-56096890458c"")>","<selenium.webdriver.firefox.webelement.FirefoxWebElement (session=""e9e4995e-4fc1-0e49-a4da-70aefb84fa9e"", element=""2761f0dc-047a-3341-9f31-aa53910189cb"")>"
"<selenium.webdriver.firefox.webelement.FirefoxWebElement (session=""e9e4995e-4fc1-0e49-a4da-70aefb84fa9e"", element=""b1f0dd9e-16d3-b24c-9453-73d0e3f5cc8b"")>","<selenium.webdriver.firefox.webelement.FirefoxWebElement (session=""e9e4995e-4fc1-0e49-a4da-70aefb84fa9e"", element=""1d975af3-6524-554b-918f-82d66cf14ab0"")>","<selenium.webdriver.firefox.webelement.FirefoxWebElement (session=""e9e4995e-4fc1-0e49-a4da-70aefb84fa9e"", element=""5b4bbfa9-8ca2-3541-8bd7-da0855fd3d56"")>"
"<selenium.webdriver.firefox.webelement.FirefoxWebElement (session=""e9e4995e-4fc1-0e49-a4da-70aefb84fa9e"", element=""4616e796-29f7-2f4a-88c7-e09af46f544d"")>","<selenium.webdriver.firefox.webelement.FirefoxWebElement (session=""e9e4995e-4fc1-0e49-a4da-70aefb84fa9e"", element=""5a85cdc3-aaf6-a547-bffc-aeb28e6d6113"")>","<selenium.webdriver.firefox.webelement.FirefoxWebElement (session=""e9e4995e-4fc1-0e49-a4da-70aefb84fa9e"", element=""218b7b76-0671-f042-bcf6-17c8cd6d0309"")>"
"<selenium.webdriver.firefox.webelement.FirefoxWebElement (session=""e9e4995e-4fc1-0e49-a4da-70aefb84fa9e"", element=""3db60be0-b865-0e40-b2b7-d2be5fdfeaa9"")>","<selenium.webdriver.firefox.webelement.FirefoxWebElement (session=""e9e4995e-4fc1-0e49-a4da-70aefb84fa9e"", element=""9ecb027b-1331-4c4b-9721-06d952abe863"")>","<selenium.webdriver.firefox.webelement.FirefoxWebElement (session=""e9e4995e-4fc1-0e49-a4da-70aefb84fa9e"", element=""0f7abd4b-6d64-984c-80c2-cfd249945f2a"")>"
"<selenium.webdriver.firefox.webelement.FirefoxWebElement (session=""e9e4995e-4fc1-0e49-a4da-70aefb84fa9e"", element=""870ac23e-6c6a-3148-9003-990cc53a6f30"")>","<selenium.webdriver.firefox.webelement.FirefoxWebElement (session=""e9e4995e-4fc1-0e49-a4da-70aefb84fa9e"", element=""99341fa9-a4d1-d44b-9b82-509fbca987ca"")>","<selenium.webdriver.firefox.webelement.FirefoxWebElement (session=""e9e4995e-4fc1-0e49-a4da-70aefb84fa9e"", element=""bfd92ddd-5ff4-644e-8588-b678fdaa6ba2"")>"
"<selenium.webdriver.firefox.webelement.FirefoxWebElement (session=""e9e4995e-4fc1-0e49-a4da-70aefb84fa9e"", element=""d3da3944-48f2-b44d-853e-9206065218b7"")>","<selenium.webdriver.firefox.webelement.FirefoxWebElement (session=""e9e4995e-4fc1-0e49-a4da-70aefb84fa9e"", element=""52fc6271-59e5-f14d-8d64-05208a9c4744"")>","<selenium.webdriver.firefox.webelement.FirefoxWebElement (session=""e9e4995e-4fc1-0e49-a4da-70aefb84fa9e"", element=""cf7cfa0a-c3b2-0343-ba8c-9d1ed87452c1"")>"
"<selenium.webdriver.firefox.webelement.FirefoxWebElement (session=""e9e4995e-4fc1-0e49-a4da-70aefb84fa9e"", element=""a454c91c-9cf2-0847-8eab-6ee4bcc4ad66"")>","<selenium.webdriver.firefox.webelement.FirefoxWebElement (session=""e9e4995e-4fc1-0e49-a4da-70aefb84fa9e"", element=""67def572-1c22-bd4d-8a76-e6717a4fa062"")>","<selenium.webdriver.firefox.webelement.FirefoxWebElement (session=""e9e4995e-4fc1-0e49-a4da-70aefb84fa9e"", element=""1f48de97-8d5b-674d-b0a9-34515fa32862"")>"
"<selenium.webdriver.firefox.webelement.FirefoxWebElement (session=""e9e4995e-4fc1-0e49-a4da-70aefb84fa9e"", element=""3dee29ac-c1a6-cb4c-a8e5-663e704332e0"")>","<selenium.webdriver.firefox.webelement.FirefoxWebElement (session=""e9e4995e-4fc1-0e49-a4da-70aefb84fa9e"", element=""356a9cc7-0886-9748-b9e6-f9564cb5e26f"")>","<selenium.webdriver.firefox.webelement.FirefoxWebElement (session=""e9e4995e-4fc1-0e49-a4da-70aefb84fa9e"", element=""4f5b7bb3-a2ea-2a43-9537-7833f21a951d"")>"
"<selenium.webdriver.firefox.webelement.FirefoxWebElement (session=""e9e4995e-4fc1-0e49-a4da-70aefb84fa9e"", element=""4bc7cb5f-5e02-7d49-aef9-db499d2118f1"")>","<selenium.webdriver.firefox.webelement.FirefoxWebElement (session=""e9e4995e-4fc1-0e49-a4da-70aefb84fa9e"", element=""d1d751fe-cb26-3f4b-b7b8-ee4fec8592be"")>","<selenium.webdriver.firefox.webelement.FirefoxWebElement (session=""e9e4995e-4fc1-0e49-a4da-70aefb84fa9e"", element=""f82776d9-d6f1-5147-a0e8-13db9939bdba"")>"
"<selenium.webdriver.firefox.webelement.FirefoxWebElement (session=""e9e4995e-4fc1-0e49-a4da-70aefb84fa9e"", element=""c9eec04f-2d2f-fa46-be44-395d62712915"")>","<selenium.webdriver.firefox.webelement.FirefoxWebElement (session=""e9e4995e-4fc1-0e49-a4da-70aefb84fa9e"", element=""33a3d789-f465-3642-a136-4a863d5681c9"")>","<selenium.webdriver.firefox.webelement.FirefoxWebElement (session=""e9e4995e-4fc1-0e49-a4da-70aefb84fa9e"", element=""7d8efa04-81b9-1345-bbb2-e03a39d290f2"")>"
"<selenium.webdriver.firefox.webelement.FirefoxWebElement (session=""e9e4995e-4fc1-0e49-a4da-70aefb84fa9e"", element=""f9c23a55-4732-684e-9ff3-e2575f15b98f"")>","<selenium.webdriver.firefox.webelement.FirefoxWebElement (session=""e9e4995e-4fc1-0e49-a4da-70aefb84fa9e"", element=""5336985b-6950-744d-906e-17cc492f6428"")>","<selenium.webdriver.firefox.webelement.FirefoxWebElement (session=""e9e4995e-4fc1-0e49-a4da-70aefb84fa9e"", element=""e12021c1-d4e3-9642-ad38-cdb7b3d6017e"")>"
2006 Chevrolet Equinox,"$1,200",https://www.facebook.com/marketplace/item/2133418390051925
2006 GMC C7500 Altec LRV55 Forestry Truck,"$10,000",https://www.facebook.com/marketplace/item/240120826760929
2013 Mercedes-Benz C-Class,"$10,935",https://www.facebook.com/marketplace/item/213788519505790
2000 Ford Crown Victoria,$800,https://www.facebook.com/marketplace/item/2167081306956053
2006 Chevrolet Avalanche,"$1,200",https://www.facebook.com/marketplace/item/2240318376206249
2015 Jeep Wrangler,"$2,500",https://www.facebook.com/marketplace/item/522514201565523
2015 Toyota Prius,"$10,299",https://www.facebook.com/marketplace/item/767770706956251
2007 BMW 3 Series,"$1,800",https://www.facebook.com/marketplace/item/2172250536438029
2009 Mitsubishi Lancer,"$1,500",https://www.facebook.com/marketplace/item/2134090573320888
2012 Toyota Highlander,"$15,700",https://www.facebook.com/marketplace/item/2201998166715408
1990 Nissan Pao,"$5,000",https://www.facebook.com/marketplace/item/240050160114276
2008 Toyota Camry Hybrid,"$6,200",https://www.facebook.com/marketplace/item/284108805601902
2012 Ford F350 Super Duty Crew Cab,"$22,950",https://www.facebook.com/marketplace/item/2239950189587723
2010 Ford F350 Xl,"$4,000",https://www.facebook.com/marketplace/item/2015151671873030
2007 Ford E350 Super Duty Cargo,"$4,200",https://www.facebook.com/marketplace/item/2022208894745311
1994 Jeep Wrangler,"$5,000",https://www.facebook.com/marketplace/item/2229879267330499
2012 GMC Acadia,"$12,799",https://www.facebook.com/marketplace/item/234871327423124
1990 eager beaver 9 Ton Tri Axle,"$2,400",https://www.facebook.com/marketplace/item/314894585811018
2014 BMW 640I,"$32,895",https://www.facebook.com/marketplace/item/370410956842337
2016 BMW X5,"$25,795",https://www.facebook.com/marketplace/item/1446997798770379
2017 Land Rover Range Rover Evoque,"$32,795",https://www.facebook.com/marketplace/item/367022517210949
2015 Mercedes-Benz C 300,"$19,795",https://www.facebook.com/marketplace/item/282468389090940
1998 Ford F150 Regular Cab,"$3,500",https://www.facebook.com/marketplace/item/1526013017529373
1994 Parker 1800,"$17,995",https://www.facebook.com/marketplace/item/365069160747340
1997 Mercury Grand Marquis,"$2,599",https://www.facebook.com/marketplace/item/387260672061603
2000 Jayco Eagle,"$3,800",https://www.facebook.com/marketplace/item/397353980834664
2008 seafox 216DC,"$19,000",https://www.facebook.com/marketplace/item/314676115838950
1999 Honda Civic,$500,https://www.facebook.com/marketplace/item/278057412897449
2006 BMW 3 Series,"$5,200",https://www.facebook.com/marketplace/item/387344752066932
2016 Harley-Davidson Sportster XL1200T SuperLow Super Low,"$8,995",https://www.facebook.com/marketplace/item/296679327663161
2008 Honda Civic,"$1,900",https://www.facebook.com/marketplace/item/788370058206602
2015 Ford F350,"$5,000",https://www.facebook.com/marketplace/item/346741539502348
2004 Nissan Sentra,"$1,200",https://www.facebook.com/marketplace/item/364454284337037
1996 Chevrolet Caprice Classic,"$1,800",https://www.facebook.com/marketplace/item/2133192263659248
1948 Chevrolet Classic,"$3,800",https://www.facebook.com/marketplace/item/247797709468653
2005 Ford Fusion,$700,https://www.facebook.com/marketplace/item/284616455581184
2007 Dodge Caliber,"$4,199",https://www.facebook.com/marketplace/item/2039848562758959
2006 Mercedes-Benz E-Class,"$1,500",https://www.facebook.com/marketplace/item/545197102645347
2014 Lexus IS 250,"$18,500",https://www.facebook.com/marketplace/item/2796005930479010
2005 BMW 5 Series,"$3,200",https://www.facebook.com/marketplace/item/505934079927276
2006 Dodge Avenger,"$2,800",https://www.facebook.com/marketplace/item/452543351948650
2010 Acura CL,"$13,000",https://www.facebook.com/marketplace/item/299329160934959
2016 Ford F350 Regular Cab,"$4,500",https://www.facebook.com/marketplace/item/385551552006176
2001 BMW 5 Series,"$1,500",https://www.facebook.com/marketplace/item/372279986687389
2005 Chevrolet Silverado 2500 HD Extended Cab,"$2,300",https://www.facebook.com/marketplace/item/348210646033644
2001 Audi TT,"$1,215",https://www.facebook.com/marketplace/item/2213065379015388
2005 Chevrolet Impala,"$1,500",https://www.facebook.com/marketplace/item/1058984657619964
2010 Chevrolet Equinox,"$2,000",https://www.facebook.com/marketplace/item/2278515912473643
2003 Ford Escape,"$2,800",https://www.facebook.com/marketplace/item/315819225715561
2004 Dodge Ram 2500 Quad Cab,"$5,000",https://www.facebook.com/marketplace/item/2287878281257056
2007 Dodge Ram 1500 Quad Cab,"$1,000",https://www.facebook.com/marketplace/item/294669171235500
2018 Dodge Challenger,$721,https://www.facebook.com/marketplace/item/325888518135344
2003 Nissan Maxima,$800,https://www.facebook.com/marketplace/item/236559757275414
2011 Hyundai Santa Fe,"$5,900",https://www.facebook.com/marketplace/item/365767694221237
2002 Honda CR-V,"$2,500",https://www.facebook.com/marketplace/item/2089082321383540
2010 Kia Soul,"$3,200",https://www.facebook.com/marketplace/item/372815693502990
2007 Volkswagen Jetta,"$2,300",https://www.facebook.com/marketplace/item/563337930744452
2012 Ford F350 Steak Body,"$4,500",https://www.facebook.com/marketplace/item/368524940609065
2006 Ford F250 Super Duty Super Cab,"$22,500",https://www.facebook.com/marketplace/item/1744225869021145
2010 Toyota Prius,"$7,400",https://www.facebook.com/marketplace/item/1994057260888460
2004 INFINITI Q,"$4,200",https://www.facebook.com/marketplace/item/700461627021814
2009 Chevrolet Suburban 1500,"$12,500",https://www.facebook.com/marketplace/item/735889106781991
1999 Nissan Maxima,"$1,995",https://www.facebook.com/marketplace/item/1979250575709568
2007 Toyota RAV4,"$3,200",https://www.facebook.com/marketplace/item/321896465100122
2002 Chevrolet Silverado 1500 Extended Cab,$850,https://www.facebook.com/marketplace/item/467559490446056
2012 Hyundai Tucson,"$8,500",https://www.facebook.com/marketplace/item/415293712543625
2010 Honda CR-V,"$6,500",https://www.facebook.com/marketplace/item/2578806582136439
1979 Ford F150 Regular Cab,$500,https://www.facebook.com/marketplace/item/242594489953361
2008 Dodge Charger,"$1,500",https://www.facebook.com/marketplace/item/169533073994714
2002 Nissan Frontier Crew Cab,"$2,750",https://www.facebook.com/marketplace/item/280139065994973
2000 Ford Taurus,"$1,350",https://www.facebook.com/marketplace/item/2304499883162217
2010 Nissan Maxima,"$1,500",https://www.facebook.com/marketplace/item/332914607497253
2009 Ford F450 Xl,"$4,500",https://www.facebook.com/marketplace/item/340726516534190
2006 Subaru Impreza,"$19,000",https://www.facebook.com/marketplace/item/2165273067071515
2014 Nissan Sentra,"$7,385",https://www.facebook.com/marketplace/item/207597376834048
2005 Mazda MAZDA6,"$1,350",https://www.facebook.com/marketplace/item/392267498188535
2005 Nissan Murano,"$1,500",https://www.facebook.com/marketplace/item/275901996433516
2013 Honda Crf230f,"$2,650",https://www.facebook.com/marketplace/item/1228935807262221
2006 Scion tC,"$2,699",https://www.facebook.com/marketplace/item/356855011815002
2003 HUMMER H2,"$6,500",https://www.facebook.com/marketplace/item/290468521641126
