Car Name,Car Price,Car Description,Car Mileage,Car Link,Number of Pictures
2013 Acura TSX,"$14,805","Drive away with this beautiful 2013 Acura TSX. Down payment between $500-$1,500 and over acceptable. Proof of income (two recent pay stubs and bank statements) are also required. Have bad credit? That‚Äôs OK! Have NO credit? That‚Äôs OK too! We work with everybody! Contact us via Messenger or call us between 10 AM to 7 PM Monday to Saturday at [hidden information]. Please DO NOT call after business hours.","66,326 miles",https://www.facebook.com/marketplace/item/927763590753823/,9
2007 Dodge Caliber,"$1,995","2007 Dodge Caliber SXT Only 124k, Drives Great Hot Heat, Cold AC, Keyless Entry Radio w 5 Disc MP3 CD, All Power 4 Cylinder Great on Gas Clean Title No Accidents [hidden information] call or text","124,000 miles",https://www.facebook.com/marketplace/item/1991303604323346/,8
2018 Dodge Ram,"$27,997","I have a ton of people inquiring about this truck so I want to make clear that this is the LOWEST PRICED 2018 Ram 1500 (4 door) Truck within 50 miles of our zip code. Every other truck with similar miles is listed between $30,500 and $34,000. We are beating our competition by $3-5k. And if you find something lowed with one owner and no accidents with the same features within that radius we will do whatever we can to beat it. We dont lose over price. Serious inquiries only [hidden information]. Ask for Aaron!","19,000 miles",https://www.facebook.com/marketplace/item/315469809075268/,3
2003 River forest Cherokee,"$4,000","2003 Forest river Cherokee 29Z Good tires patio awning, large slide lot of storage, sleep 9 Queen size walkwalk around bed sofa with sleeper, booth converts to sleeper, night shades, microwave, 3 burner range with oven, refrigerator, everything is ready to go $4000",N/A,https://www.facebook.com/marketplace/item/321359048502864/,20
2002 Nissan Maxima,$500,Best offer car runs great ...Frame rotted won't pass inspection,"99,327 miles",https://www.facebook.com/marketplace/item/583647548724797/,0
2008 Chevrolet Impala,"$5,500",As is . W/o Wheels and tires 4500.00 With wheels and tires 5500.00 and you get the factory set of wheels as well . Go in peace.,"171,449 miles",https://www.facebook.com/marketplace/item/322926461682132/,9
2008 Chevrolet Impala,"$4,999","Serious interest only please... 2008 Chevy Impala 4 door V6 Air conditioning Heat Power locks Power windows 89,000 miles Car is still driven daily and in great condition please message me for more info",N/A,https://www.facebook.com/marketplace/item/543015156212260/,6
2001 Chevrolet Tahoe,"$2,600",Truck runs and drives no problems Will need windshield has crack in it Two tires has slow leak TRUCK IS 2 WHEEL DRIVE!!,"201,500 miles",https://www.facebook.com/marketplace/item/343517559803753/,8
2005 Dodge Neon,"$1,250",N/A,"178,000 miles",https://www.facebook.com/marketplace/item/294771541381937/,3
2008 Toyota Sienna,"$8,000","Clean,perfect engine performance,no transmission issues,true odometer ,no electrical or mechanical issues,very good tire and brakes.Interior is very well maintained clean fabric seats,Radio,cd ,Aux input,player,Heating and Ac works excellent,Clean inside;barely an stains.3rd row seating .AWD drivertrain .I am interested in cash only no trades or install payments .Thank you","113,939 miles",https://www.facebook.com/marketplace/item/1910438599078160/,12
2005 Hyundai Santa Fe,"$2,350",Run and drive perfect Very nice and clean Very reliable and good with gas For more info just call me [hidden information],"214,000 miles",https://www.facebook.com/marketplace/item/2067493720003595/,12
2000 Ford F250 Super Duty Super Cab,"$4,000",F-250 4x4 year 2000 super duty 5.4 V8 miles 19108 1 no inspection sticker need it on this vehicle. Vehicle is white yes some Ross run strong great as woods truck or work truck $4000.00 best offer call my husband John after 2 p.m. on weekdays and 9 a.m. on weekends at 856 357 5704,"19,108 miles",https://www.facebook.com/marketplace/item/315792122611773/,9
2014 Nissan Altima,"$8,499",Very good condition. Low mileage. Clean,"55,050 miles",https://www.facebook.com/marketplace/item/721135811582473/,7
2014 Chevrolet Sonic,"$3,800","Rally Sport Turbo, My Link mobil wifi, navigation, XM radio, aux cable, blooth tooth , heated seats, fog lamps, 19inch factory wheels, valve cover has been replaced. Not trades cash only please","165,621 miles",https://www.facebook.com/marketplace/item/296499094403620/,10
2003 Chevrolet S10 Crew Cab,"$1,200","Cosmetically rough, mechanically sound. I drove this car off the lot new and drove it for 14 years before giving it to my son. Engine is still strong and less than 10,000 miles on rebuilt transmission. $1200 or best offer. Low-ballers will be laughed at!","140,000 miles",https://www.facebook.com/marketplace/item/349090272363068/,3
2000 Nissan Altima,"$1,700","$1,700 or best offer ‚ÄºÔ∏è - Nissan Altima 2000 gxe 159k miles ‚ÄºÔ∏è",N/A,https://www.facebook.com/marketplace/item/2225070317773623/,6
2005 Mazda RX-8,"$3,000",Run and drive beautiful Very nice and clean Very reliable and good with gas For more information just ask [hidden information],"123,000 miles",https://www.facebook.com/marketplace/item/2353821714651085/,14
2004 Ford Expedition,"$1,999","FOR SALE! 2004 FORD EXPEDITION XLT EDDIE BAUER LIMITED EDITION 4X4 3RD ROW CD CHANGER NAVIGATION NEW WINTER TIRES SUNROOF BEAUTIFUL LEATHER INTERIOR GREAT EXTERIOR ICE COLD AC/HEAT MOTOR IS VERY STRONG INSPECTED UNTIL JULY $1,999.00 SELLING AS IS NO WARRANTY CALL OR TEXT [hidden information]","200,000 miles",https://www.facebook.com/marketplace/item/762559254123205/,6
2014 Ram 1500 Classic Crew Cab,$500,N/A,"90,913 miles",https://www.facebook.com/marketplace/item/355810428482683/,18
2013 Volkswagen Tiguan,"$9,995","Forget how awkward the name is. The Tiguan is a compact SUV from Germany's Volkswagen. We‚Äôve got a little bit crowded for this segment of vehicles where more mainstream rivals like the Honda CR-V, Toyota RAV4 and Ford Escape usually lording over and the Tiguan often gets forgotten. Among the Tiguan's best traits are a flexible interior and a turbocharged engine that's standard across the line. It is also with its polished looks and fun-to-drive nature where the 2013 Tiguan stands out. https://worldautosales.com/listings/2013-volkwagen-tiguan-s-sport-bluetooth-wireless-hill-hold-assist-control-alloy-wheels/","100,475 miles",https://www.facebook.com/marketplace/item/2122588141387575/,6
1994 Honda Civic,"$2,800","For sale only no trades cash only Honda Civic VX EG hatch bubble, 5 speed not to many in this great conditions. Asking 2,800 obo","2,800 miles",https://www.facebook.com/marketplace/item/2202550279998147/,4
2007 BMW X3,"$5,990",2007 BMW X3 3.0 si ROYAL BLUE OVER GREY LEATHER SEATS 5 PEOPLE EVERYTHING WORKS LIKE NEW ON THIS CAR!! DRIVES GREAT!! PRICED TO SELL FAST!!! DON'T WAIT CHECK OUT: WWW.ROUTE73AUTOMALL.COM CHECK US OUT ON FACEBOOK AND INSTAGRAM TOO!! WE ACCEPT TRADES!! WE SHIP NATIONWIDE AND TO CANADA!! CONTACT ME TODAY! [hidden information] [hidden information] *** OVER 30 VANS AND TRUCKS AVAILABLE***,"143,323 miles",https://www.facebook.com/marketplace/item/2139513729678979/,10
1994 Jeep Wrangler,"$3,500","94 wrangler 2.5 5sd pretty new 33in bf Goodrich km2 mt 4 in RC lift hard top full and half doors all rails for soft top marine radio new 31in spare can come with or without high lift farm jack 203,xxx on the clock runs but needs a clutch and plate weld on the frame needs to be rewelded drivers seat has a tear have rear seat as well 6x9 speakers added wired for a sub no sub Installed clean title in hand 1.5 in spacers new ecm Looking to sell but will consider trades of dirtbikes or bass boat depending on condition","203,000 miles",https://www.facebook.com/marketplace/item/747294578963147/,10
1998 Honda Civic,$900,$900 or best offer ‚ÄºÔ∏è‚ÄºÔ∏è‚ÄºÔ∏è Honda Civic EX 1998 Stick Shift !! 191k miles,N/A,https://www.facebook.com/marketplace/item/249875772570796/,5
2006 Chevrolet Malibu,"$4,500",Excellent running car very good condition no warranty bought as is. Vehicle located at 1806 philadelphia pike Wilmington Delaware Jack Smith's Towing and Service Center,"19,729 miles",https://www.facebook.com/marketplace/item/2190268881049612/,8
2005 Nissan Altima,"$3,400",Nice car from in and out car have power locks mirrors windows car have a fresh oil change and its great on gas heat and AC working fine,"183,000 miles",https://www.facebook.com/marketplace/item/232976530987429/,8
1998 xj,"$2,200","107k miles goes up since i daily it . New power steering lines , blower motor (heat kicks) new headlights , new battery and few other things im probably missing . Only rust is whats showin i. Pics on rockers floors r good . Asking 2200$ no trades unless its a chevy pick up truck . Msg for more info if the post is up its available","107,000 miles",https://www.facebook.com/marketplace/item/2043109309112701/,14
2003 Chevrolet Monte Carlo,"$2,800",Runs Strong / Fast - Great overall condition ... Good Tires & Brakes ... Very Dependable / solid Car - Great in the Snowy Weather w/ FWD !! Come see it ! Call / Text [hidden information],"169,000 miles",https://www.facebook.com/marketplace/item/314878045810896/,13
2006 Honda Civic,"$6,500","I have a beautiful 06 honda civic si with 106,000 miles w/ Clean title in hand. Daily driven so miles are slowly going up. Very clean and well kept vehicle! Only small issue is a small dent and scratch on the back passenger side due to parking (look at pictures). Just did a recent Oil change and maintenance are all up to date. Current inspection are good until 2019! Only mods that are on this vehicle is an aftermarket air intake, and an original carbon fiber hood, Mugen shift knob, and HID headlights! Everything else is bone stock. VERY fun and fast little car to drive, esp when vtec kicks. Msg me today to come take a look at it. [hidden information]. My names Andy. Asking $6500 OBO. Thanks for looking !","106,000 miles",https://www.facebook.com/marketplace/item/251912078808284/,10
2005 Ford Explorer,"$5,999",2005 Ford Explorer Limited.. heated leather interior. Sunroof.. DVD. Runs and drives perfect. New transmission. Buy Here Pay Here!!,"172,000 miles",https://www.facebook.com/marketplace/item/395694867848679/,4
2012 GMC Canyon Regular Cab,"$1,000",2012 GMC Canyon Work Truck 4x2 4dr Extended Cab VERY GOOD PRICE GOOD MILAGE MESSAGE ME TODAY!!!,"81,000 miles",https://www.facebook.com/marketplace/item/235415597400456/,4
2011 BMW 3 Series,$500,2013 BMW 3 SERIES 80k MILES $500 DOWN DRIVE HOME!! ‚ÄºÔ∏è‚ÄºÔ∏è‚ÄºÔ∏è‚ÄºÔ∏èVISIT 500DOWNNOW.COM‚ÄºÔ∏è‚ÄºÔ∏è‚ÄºÔ∏è ‚ÄºÔ∏è‚ÄºÔ∏è‚ÄºÔ∏èHAVE 500? HAVE A JOB?‚ÄºÔ∏è‚ÄºÔ∏è‚ÄºÔ∏è üí•LET DARIUS HELP YOU CONTACT ME NOWüí• ‚ÄºÔ∏è‚ÄºÔ∏è‚ÄºÔ∏è‚ÄºÔ∏èI APPROVE ALL‚ÄºÔ∏è‚ÄºÔ∏è‚ÄºÔ∏è,"80,000 miles",https://www.facebook.com/marketplace/item/485597241937095/,10
2011 Mercedes-Benz E-Class,"$16,900","2011 Mercedes Benz E350 Luxury Edition. 78k Miles. Asking $16,900","78,000 miles",https://www.facebook.com/marketplace/item/283337692338487/,10
2006 Chevrolet Silverado 1500 Regular Cab,"$4,950","click on picture for full view Message me on here or call and ask for BIG CHRIS at Wolf‚Äôs Elite Autos for this special discounted Facebook marketplace price Payment plans available for any credit type just message me, I‚Äôll get you approved fast 2006 Chevy Silverado 2WD V6 pickup truck Automatic trans Runs awesome 20‚Äù Tahoe wheels and tires 171k miles $4950 We finance Trades welcome Excellent warranty","171,558 miles",https://www.facebook.com/marketplace/item/396310597606267/,10
1993 Toyota Corolla,"$1,000",Corre biem lo unico q ay q ponerle son las botellas de a tras no tiene luz de chekegine predida uso diario $1000,N/A,https://www.facebook.com/marketplace/item/2404359943183642/,0
2007 BMW 3 Series,"$6,990","2007 BMW 3 Series 328xi AWD 4dr Sedan ACCIDENT-FREE, WELL KEPT, AND WELL MAINTAINED!! DRIVES GREAT!!! AWD! RELIABLE WITH KEYLESS ENTRY!! EQUIPPED W/ HEATED SEATS, ALLOYS AND MOON ROOF! DON'T WAIT CHECK OUT: WWW.ROUTE73AUTOMALL.COM CHECK US OUT ON FACEBOOK AND INSTAGRAM TOO!! WE ACCEPT TRADES!! WE SHIP NATIONWIDE AND TO CANADA!! FINANCING OPTIONS AVAILABLE!!! CONTACT ME TODAY! [hidden information] [hidden information] *** OVER 30 VANS AND TRUCKS AVAILABLE***","89,921 miles",https://www.facebook.com/marketplace/item/326210174888804/,10
2007 Honda Crf 150rb (expert),"$2,300","I am selling my 2007 Honda CRF150RB because I need the money for school. Great conditon and very clean. Bike starts first kick and has new renthal bars, protaper grips, ebc front break disc, new front & back Dunlop tires. Bike is a blast. $2300",300 miles,https://www.facebook.com/marketplace/item/548840035636904/,6
2005 Chevrolet Equinox,"$1,000","2005 Chevrolet Equinox AWD 150k miles, 2/20 inspection No problems and no check engine light 1000 Down and monthly payment s for only 4 months. Hot heat and cold A/C Good tire tread, Ready to go.","150,000 miles",https://www.facebook.com/marketplace/item/355192898400306/,10
2005 HUMMER H2,"$14,900",Run and drive perfect Very nice and clean Very reliable and good with gas For more info just call me [hidden information],"75,000 miles",https://www.facebook.com/marketplace/item/341712499767655/,20
2007 Chrysler Town & Country,"$3,000","3,000 obo good condition have DVD and radio work excellent I speak Spanish and english Price negotiable","193,031 miles",https://www.facebook.com/marketplace/item/243536163189499/,0
2012 Ford Fusion,"$3,500",N/A,"151,000 miles",https://www.facebook.com/marketplace/item/353706018575715/,8
2016 Ram 1500 Crew Cab,"$3,100","üî•LISTED PRICE IS DOWN PAYMENTüî• $30,900 2016 Ram 1500 Crew Cab SPORT - 67k Miles - 5.7L V8 Hemi - Leather - Navigation - Heated Seats - Parking Camera - Heated Steering Wheel - 4x4 - One Owner - Clean CarFax & Title - Free Warranty üî∏ Bad credit, good credit, no credit, repo, bankruptcy, self employed, divorced, open auto loan - EVERYONE IS APPROVED! We have been in business for 27 years and have a great relationship with the banks. RE-ESTABLISH & BUILD YOUR CREDIT!!! üîπOver 120 trucks, 70 cars/suvs, 40 commercial vehicles in our inventory. We offer top dollar on trade-ins. Most of the vehicles have a warranty and are state inspected. BURNS AUTO GROUP 218 Lincoln Hwy. Fairless Hills, PA 19030 Schedule an appointment with Paul JR","67,562 miles",https://www.facebook.com/marketplace/item/290285764989323/,5
2009 Mitsubishi Lancer,"$5,000",Que hay por el,"129,553 miles",https://www.facebook.com/marketplace/item/199892337576017/,3
2007 Buick LaCrosse,"$3,600","2007 Buick Lacrosse 3.8L 119k $3600 Inspected, Runs & drives perfect. [hidden information]","119,000 miles",https://www.facebook.com/marketplace/item/278352052834504/,10
2004 BMW 3 Series,"$3,500","Very clean car, great daily car for a new driver. Looking to upgrade to a newer vehicle. All maintaince up to date (DOCUMENTED)! If interested contact me for more details at [hidden information]","159,000 miles",https://www.facebook.com/marketplace/item/563370434123913/,10
2007 Mazda MAZDA3,"$3,550","2007 Mazda 3I! 2.0 4Cyl Engine! Automatic! Power windows, doors, locks, mirrors! Power Sunroof! Cold AC! One Owner Clean CarFax! New inspection! Runs excellent! Well maintained! Only $3550!","94,000 miles",https://www.facebook.com/marketplace/item/559271877884742/,8
2004 Dodge Neon,"$5,000","2004 srt4 neon, have had the car for 4 years and its ran flawlessly! Motor has about 75k miles on it the body has 234,000 Mods- walbaro 255 fuel pump 750cc injectors, intake and exhaust with a tune, the car will come with a second motor and a set of slicks, i have a big turbo kit as well but that can be discussed upon purchase no trades cash only LOCATED IN PHILLY BUT WILL SELL IN OHIO AS WELL the tags are that way for insurance reasons","75,000 miles",https://www.facebook.com/marketplace/item/316663195800798/,10
2001 BMW 7 Series,"$2,000",Very good air-heat sunroof runs very good,"121,000 miles",https://www.facebook.com/marketplace/item/504004216783549/,3
2007 Dodge Caliber,"$2,500",Run and drive perfect Very nice and clean Very reliable and good with gas For more info just call me [hidden information],"174,000 miles",https://www.facebook.com/marketplace/item/1272965916191346/,16
1995 Dodge Ram 2500 Regular Cab,"$7,000","1995 12 valve Cummins $7200 obo Clean title CASH ONLY Motor work done Bigger injectors Arp head studs and gasket 60 pound valve springs 62 mil turbo 5 turbo back duel exhaust Advanced timing to 18 degrees 215 p pump Bigger delivery valves Newer inter cooler boots and clamps Gauge Pilar Has a built trans I DO NOT HAVE ANY PAPER WORK FOR MOTOR WORK OR TRANS, Led headlights INTERIOR IS RED! Interior is not in the best shape Has some rust and only surface rust on frame, oil was changed not to long ago and has a brand new radiator Has 5 percent tint on side windows and back and 20 on front windshield Trust is fast but has issues (pretty sure it‚Äôs not getting enough fuel) I don‚Äôt have the time to mess with it so I‚Äôm just gunna sell it Open to trades, looking for a 1st gen single cab Cummins or 7.3 or 6.0","280,686 miles",https://www.facebook.com/marketplace/item/500201893841953/,8
2012 Ford Transit Connect Cargo,"$2,600",Engine and trans 100%..it needs a front hub bearing and alignment...the passenger side is messed up but its.price to sell..no trades cash only,"69,000 miles",https://www.facebook.com/marketplace/item/320880985205181/,4
2002 Honda Odyssey,"$1,295","6 cyl auto Miles 200,000 see it at a&r auto 1043 n Delsea dr Clayton n j 08312 call 856-212-60three two or 856-881-40 two six full cash price $1295.On sale No financing available ask for Robert Monday through Saturday 10am to 7 pm","200,000 miles",https://www.facebook.com/marketplace/item/663873160695014/,12
1992 Ford F150 Regular Cab,"$4,100",Engine has 108k miles and the trans has 70k miles on it. Many parts have been replaced on it. Message with offers,"250,000 miles",https://www.facebook.com/marketplace/item/1974737609289558/,4
2011 Nissan Xterra,"$10,996","üî∏üî∏ Bad credit, good credit, no credit, repo, bankruptcy, self employed, divorced, open auto loan - EVERYONE IS APPROVED! We have been in business for 27 years and have a great relationship with the banks!! RE-ESTABLISH & BUILD YOUR CREDIT!!! It‚Äôs BURNS AUTO GROUP 218 Lincoln Hwy. Fairless Hills pa 19030","105,000 miles",https://www.facebook.com/marketplace/item/2216463018574150/,6
2000 Honda CR-V,"$1,800","Does not have any problem 131 miles new engine new brakes, good tires, 4x4, suspensions 1800 obo or trade now","131,000 miles",https://www.facebook.com/marketplace/item/499339207257420/,3
2001 Nissan Quest,"$1,500",Run and drive perfect Very nice and clean Very reliable and good with gas For more info just call me [hidden information],"140,000 miles",https://www.facebook.com/marketplace/item/2333858270163435/,6
2000 Toyota Celica,"$2,800","About My 2000 Toyota Celica GT Automatic What you need to know: ****UPGRADES**** ~New PCV Valve ~Injen Short Ram Intake (Comes with Heat Shield Purchased Separately) ~Ansa Silverline Exhaust (VERY RARE - SPECIAL MADE) ~Tein Sports performance rear sway bar ~Aftermarket Tailights ~Vader Fiberglass Bodykit (Full Kit - Front + Rear Bumpers and Side Skirts) ~New OEM Celica Mats (Made and Shipped from Japan) ~NS Series 17"" Rims (Premium Rims & Tires. Paid $1200 Total) ~Lionhart Tires (215/40R17 W) ~Pioneer Aftermarket Speakers + tweeters ~Aftermarket Radio Unit ~LED license plate bulbs ~Averey Frozen Satin Red Vinyl Wrap (Can Remove Upon Buyer's Request) ~Compustar Remote Starter (2-Way and 1-Way Remote) ****PROS**** No Issues For Daily Driving! Car has been regularly changed with Synthetic Oil, every 3,000 Miles. No problems with transmission or engine, still running strong! Spare tire is still good to go. ****CONS**** Car had hail damage on the roof, a damaged hood, rusted driver door & quarter panel, dings on driver side door and passenger door, peeling clear coat. ****NEED TO KNOWS**** Most dings were popped and leveled. Rust patches were sanded and grinned to bare metal, reinforced, primed and has been bondo over. Most peeling clear coat was sanded and primed until smooth. The vehicle was then vinyl wrapped with Avery Frozen Red Satin Chrome. I still have the stock wheels and will remove $800 of purchase price agreed by seller and buyer. For more pictures, please message me and I'll provide you more on what you need. I will detail the car before delivery.","198,000 miles",https://www.facebook.com/marketplace/item/368739810572262/,7
2003 Dodge Caravan Passenger,"$2,200","2003 Dodge Caravan, automatic, clean title, clean carfax, only 1 previous owner. 143k Miles. Asking $2,200","143,000 miles",https://www.facebook.com/marketplace/item/2009818419132608/,10
2006 Honda Odyssey,"$5,220",N/A,"147,000 miles",https://www.facebook.com/marketplace/item/530292047453268/,8
2003 Harley-Davidson Night Train,"$6,075",Bike is great no issues,"18,000 miles",https://www.facebook.com/marketplace/item/203542097091403/,4
2007 Hyundai Tucson,"$5,000","Used 2007 Hyundai Tucson for sale! This car is in excellent condition and has never given me any problems. 118,000 miles (please note that this is my daily car and will change slightly). Oil was changed at 117,660 and fluids topped off. Inspection good until 8/19. More pictures will be added as I‚Äôm going to clean the interior tomorrow. Please message me if you are interested or have any questions!","118,000 miles",https://www.facebook.com/marketplace/item/241159160125448/,9
2004 Nissan Maxima,"$1,700",N/A,"172,032 miles",https://www.facebook.com/marketplace/item/332832797328135/,2
2008 GMC Acadia,"$4,650",Sold as-traded ... 2008 GMC Acadia SLE with 155k ...,"155,000 miles",https://www.facebook.com/marketplace/item/405253613617247/,10
2014 Chevrolet Malibu,"$6,000","For sale a super clean Chevy Malibu with zero issues at all comes with 48,000 original miles has clean cloth seats runs and drives like new working heat and air has a CD player with aux port a really nice car ready to go today for 6,000 tags and included","48,000 miles",https://www.facebook.com/marketplace/item/949137108609783/,10
2002 INFINITI I,"$3,200","This 2002 Infiniti I35 is in Good condition both inside and out with 127,000 miles. The I 35 come equipped with a 6 cylinder engine, automatic transmission,all power equipped, heated seats and sun roof. Dealer","127,000 miles",https://www.facebook.com/marketplace/item/414307905978784/,19
2004 Mercury Grand Marquis,"$1,295","8 cyl auto Miles 135,000 see it at a&r auto 1043 n Delsea dr Clayton n j 08312 call 856-212-60three two or 856-881-40 two six full cash price $1295.On sale 1-30-19 to feb 8-19","136,000 miles",https://www.facebook.com/marketplace/item/2232600950325249/,9
2003 Dodge Ram 1500 Quad Cab,"$2,500","Nice everyday work truck new water pump, new power steering pump, new ball joints new catalytic converter, replaced almost all sensors,new brakes interior is very clean comes with tool box some dings but nothing major. Asking 2,500 obo.","170,000 miles",https://www.facebook.com/marketplace/item/376217626260666/,8
2002 Toyota RAV4,"$3,500","Very clean and dependable 2002 Toyota Rav 4L 4 cylinder , automatic Transmission with FWD. Needs nothing has clean CARFAX and all needed repairs and maintenance just performed! Please call Charlie at Schmidt Family Auto Sales to come see! [hidden information]","189,786 miles",https://www.facebook.com/marketplace/item/451159041955424/,10
2016 Mercedes-Benz Sprinter 3500 Cargo,"$36,990","2016 MERCEDES-BENZ SPRINTER 3500 CARGO VAN EXTENDED ARCTIC WHITE OVER LIMA BLACK 170 WHEELBASE 3500 DUAL WHEEL 30K WELL SERVICED MILES 2.1L I4 ENGINE WITH ENOUGH POWER TO GET ANY JOB DONE EVERYTHING WORKS LIKE NEW ON THIS CAR!!! DRIVES LIKE IT DID BRAND NEW!!! THIS STUNNING 2016 MERCEDES-BENZ SPRINTER VAN COMES WITH ALL THE RIGHT EQUIPMENT INCLUDING: *FACTORY WARRANTY *16"" PREMIUM WHEELS WITH GREAT TIRES *POWER WINDOWS *POWER DOORS *TIPTRONIC AUTOMATIC TRANS *BACK UP CAMERA DON'T WAIT CHECK OUT: WWW.ROUTE73AUTOMALL.COM CHECK US OUT ON FACEBOOK AND INSTAGRAM TOO!! WE ACCEPT TRADES!! WE SHIP NATIONWIDE AND TO CANADA!! FINANCING OPTIONS AVAILABLE!! CONTACT ME TODAY! [hidden information] [hidden information] *** OVER 30 VANS AND TRUCKS AVAILABLE***","30,409 miles",https://www.facebook.com/marketplace/item/1217445678411710/,10
2013 Mazda CX-9,$995,HI EVERYONE MY NAME JOE SANTANA I KNOW THAT YOU ARE RIGHT NOW LOOKING AT THIS ADD AND NOT BELIEVING A THING IM SAYING BECAUSE YOU GAVE UP ON TRYING GET A CAR LISTEN ME JOE SANTANA WILL GET YOU DONE PLEASE INBOX ME I WILL HELP YOU !!!!HAVING A JOB IS EVERYTHING TO ME SO ASK ME QUESTIONS!!!!!! CITI AUTO GROUP [hidden information] 4160 TORRESDALE AVE PHILADELPHIA PA 19124 CALL ME NOW JOE SANTANA IS YOUR GUY!!!,"104,555 miles",https://www.facebook.com/marketplace/item/304321513496202/,10
1977 Toyota Corolla,"$2,800",I did all the body work just needs a paint job No rust Super clean Good engine Coupe car I have all parts for the car,"75,000 miles",https://www.facebook.com/marketplace/item/2165007650217576/,3
2008 HUMMER H3,"$8,950","click on picture for full view Message me on here or call and ask for BIG CHRIS at Wolf‚Äôs Elite Autos for this special discounted Facebook marketplace price Payment plans available for any credit type just message me, I‚Äôll get you approved fast 2008 Hummer H3 Luxury Edition Leather Sunroof 4X4 152k miles Nice clean truck $8950 We finance Trades welcome Excellent warranty","152,642 miles",https://www.facebook.com/marketplace/item/406704076764830/,11
2000 Nissan Maxima,"$1,000","NEED TO SELL TODAY!!! Runs good, drives good. Both heat and AC work great. 19"" staggered Chip Foose rims. Everything works as it should. Normal rust around rear wheel wells. Will need exhaust but I drive it as is. Also comes with stock rims with ok tires. If it's still up its still available. Remember it's a $1500 car not a $15,000 car. Son wants a Subaru instead for when he gets his license. Have title and it's notarized so it can be taken with car and done at your leisure. Looking to sell before Friday. Low ball offers will b deleted so don't waste my time or yours. Thanks for reading.","251,000 miles",https://www.facebook.com/marketplace/item/930691683788506/,5
2009 Honda Civic,"$3,995","2009 Honda Civic 5 speed, runs and drives great.","111,000 miles",https://www.facebook.com/marketplace/item/215231752764246/,5
2000 Toyota Camry,"$1,995",Run and drive beautiful Very nice and clean Very reliable and good with gas For more information just ask [hidden information],"152,000 miles",https://www.facebook.com/marketplace/item/771670523199854/,12
2002 Ford Expedition,"$3,450",Nice suv 4x4 drive great suv have three row seat power windows locks mirrors and seats SUV have fresh oil change heat and AC working good perfect for the weather and for work,"138,000 miles",https://www.facebook.com/marketplace/item/326158247993959/,9
2000 Dodge Durango,"$2,300",Third row 140k miles Run and drive beautiful Very nice and clean Very reliable and good with gas For more information just ask [hidden information],"140,000 miles",https://www.facebook.com/marketplace/item/337134166902449/,12
2013 Hyundai Azera,"$11,200",Rebuild title. Very good condition. No issues.,"33,000 miles",https://www.facebook.com/marketplace/item/601850700236733/,9
2006 Lincoln Navigator,"$2,699","Fully loaded . Leather seats , tv , drives and run great üëç Please call [hidden information] for more details thank you","230,000 miles",https://www.facebook.com/marketplace/item/355867165004282/,20
2014 Mazda CX-5,,"Trim: AWD 4dr Auto Sport Color: White Interior: Select Engine: 4 Cylinder Engine Transmission: Select Drive Train: Select Mileage: 85,029 Stock #: aag0743 Vin: JM3KE4BE2E0380743 $1495 is the down payment. Tax tags title and other fees due at signing. OAC only. Cash price is $12650","85,029 miles",https://www.facebook.com/marketplace/item/371008307018194/,10
